ligand_id,smiles,label,source,extra_id
act_147969,CC(C)n3cnc4c(NCc2ccc(c1cccs1)cc2)nc(N(CCO)CCO)nc34,1,active,CHEMBL90941
act_311572,O=C(Nc2ncc(C1CCC1)s2)Nc3cccc4c[nH]nc34,1,active,CHEMBL363283
act_226694,OCCOCCNS(=O)(=O)c4ccc(/N=C/c2c(O)[nH]c3ccc1ncsc1c23)cc4,1,active,CHEMBL343996
act_116543,COc1ccc6c(c1)n(CCN2CCC[C@H]2CO)c7c4ccc3ccn(C)c3c4c5c(=O)[nH]c(=O)c5c67,1,active,CHEMBL75952
act_453027,CNC(=O)c4ccc(Nc3nccc(c1cnc(C)n1C2CCCC2)n3)cc4,1,active,CHEMBL488257
act_67781,Cc1nc(N)sc1c3ccnc(Nc2cccc(N(=O)=O)c2)n3,1,active,CHEMBL298445
act_319984,O=c4ccc3cnc(Nc2ccc(N1CCNCC1)cn2)nc3n4C5CCCCC5,1,active,CHEMBL373300
act_514814,COCCN(C)S(=O)(=O)c4ccc(Nc3nccc(c1cnc(C)n1C2CC2)n3)cc4,1,active,CHEMBL483590
act_131439,Fc3ccc4[nH]c(=O)c5c(c1ccc[nH]1)cc(S[C@H]2CCNC2)c3c45,1,active,CHEMBL79498
act_490122,CC(C)n1c(C)ncc1c4ccnc(Nc3ccc(N2CCN(C(C)=O)CC2)cc3)n4,1,active,CHEMBL477568
act_475959,COc6cc(c5ccc4c(c3nc2c(N1CCN(C)CC1)cccc2[nH]3)n[nH]c4c5)ccc6O,1,active,CHEMBL514197
act_247581,COc4ccc(c2[nH]nc3c1cccc(NC(=O)NN(C)C)c1c(=O)c23)cc4,1,active,CHEMBL358102
act_410904,CNC(=O)CN4CCC(Nc3ncc(Cl)c(c1c[nH]c2ccccc12)n3)CC4,1,active,CHEMBL245336
act_602499,COc3ccc2nc1[nH]nc(C)c1c(OC)c2c3,1,active,CHEMBL603097
act_495135,O=C(Nc1c[nH]nc1c4nc3cc(CN2CCOCC2)ccc3[nH]4)c5ccccc5,1,active,CHEMBL496569
act_248781,CC(=O)Nc3cccc4c2[nH]nc(c1cccnc1)c2c(=O)c34,1,active,CHEMBL436466
act_210905,CCc3cnc(CSc2cnc(NC(=O)Cc1cccnc1)s2)o3,1,active,CHEMBL129396
act_136688,Oc3[nH]c2ccc1ncsc1c2c3\C=N\c5ccc(S(=O)(=O)Nc4ccccc4)cc5,1,active,CHEMBL85667
act_203121,C4CCC(COc2nc(Nc1ccccc1)nc3[nH]cnc23)CC4,1,active,CHEMBL122264
act_134677,CC(C)n2cnc3c(NC1CCCC1)nc(NCCCO)nc23,1,active,CHEMBL315837
act_429225,Brc3cc2c(NC(=O)C1CC1)n[nH]c2nc3c4cccs4,1,active,CHEMBL260231
act_301074,NC(=O)c2nn(c1ccc(S(N)(=O)=O)cc1)c4c2ccc3[nH]ncc34,1,active,CHEMBL360520
act_311518,O=C(Cc1cccc2cnccc12)Nc4ncc(C3CCC3)s4,1,active,CHEMBL184404
act_165159,CC(C)(C)c3cnc(CSc2cnc(Nc1ccncc1)s2)o3,1,active,CHEMBL328406
act_116460,Oc1ccc5c(c1)[nH]c6c3ccc2cc[nH]c2c3c4c(=O)[nH]c(=O)c4c56,1,active,CHEMBL74637
act_211080,CC(C)(C)c3cnc(CSc2cnc(NC(=O)Nc1c(F)cccc1F)s2)o3,1,active,CHEMBL126997
act_494354,CN(C)CC(O)COc5ccc(Nc4nccc(c2cnn3nc(N1CCOCC1)ccc23)n4)cc5,1,active,CHEMBL521871
act_248344,COc5ccc(c3[nH]nc4c2cccc(NC(=O)Nc1ccccc1)c2c(=O)c34)cc5,1,active,CHEMBL436078
act_614967,Cc3nc(S(=O)(=O)Cc1ccccc1)nc(c2ccc(O)cc2O)c3C(=O)Nc4cccc(N(=O)=O)c4,1,active,CHEMBL1083509
act_148175,CC(C)n3cnc4c(NCc2ccc(c1ccccc1)cc2)nc(NCC(O)CO)nc34,1,active,CHEMBL92288
act_579280,C[C@H](Nc2nc(Nc1cc(C)[nH]n1)cnc2C#N)c3ncc(F)cn3,1,active,CHEMBL570002
act_248288,NC(=O)C5CCN(CC(=O)Nc3cccc4c2[nH]nc(C1CC1)c2c(=O)c34)CC5,1,active,CHEMBL149450
act_612816,N[C@H](CNc3ncc(c2ccc1cnccc1c2)s3)Cc4ccc(C(F)(F)F)cc4,1,active,CHEMBL1081263
act_71726,CC(=O)Nc2ncc(SCc1ncc(C(C)(C)C)o1)s2,1,active,CHEMBL295136
act_310557,COc5ccc(c3[nH]nc4c2cccc(NC(=O)NNC(=O)c1cccnc1)c2c(=O)c34)cc5,1,active,CHEMBL363077
act_137264,CC(C)Cc2cccc3[nH]c(O)c(N=Nc1ccc(S(N)(=O)=O)cc1)c23,1,active,CHEMBL87472
act_187198,CCCC(=O)Nc2cc(C1CC1)[nH]n2,1,active,CHEMBL112442
act_514883,CC(C)n1c(C)ncc1c4ccnc(Nc3ccc(S(=O)(=O)Cc2ccccc2)cc3)n4,1,active,CHEMBL457979
act_91277,CNS(=O)(=O)c4ccc3[nH]c(=O)\c(=C/c1[nH]cc2C(=O)OCCc12)c3c4,1,active,CHEMBL60541
act_574809,Cc2cnc(Nc1ccccc1)nc2c4c[nH]c(C(=O)N[C@H](CO)c3ccccc3)c4,1,active,CHEMBL565459
act_590207,NCCn5cc(c4cc(c2cc1ccccc1s2)c3[nH]ncc3c4)c6nc(N)ncc56,1,active,CHEMBL590109
act_495134,O=C(Nc1c[nH]nc1c3nc2ccccc2[nH]3)c4ccccc4,1,active,CHEMBL522891
act_612819,N[C@H](CCc3cc(c2ccc1cnccc1c2)no3)Cc4ccc(C(F)(F)F)cc4,1,active,CHEMBL1081105
act_316203,CCc3nn(c1c(Cl)cc(Cl)cc1Cl)c4nc(Cc2ccccn2)nc(O)c34,1,active,CHEMBL190091
act_562222,Clc6ccc(OCc4nnc5sc(SSc3nn2c(COc1ccc(Cl)cc1)nnc2s3)nn45)cc6,1,active,CHEMBL551258
act_314797,CCn2c(c1nonc1N)nc3cnccc23,1,active,CHEMBL189657
act_313265,Nc3nc2ccc(C(=O)c1c(F)cccc1F)cn2c3C(=O)c4cccs4,1,active,CHEMBL186952
act_342729,CC(C)C[C@H](NC(=O)[C@H](C)NC(=O)c2ccc(CC1CCNCC1)cc2)C(=O)N[C@@H]3CCCC[C@H]3c4cccc(Cl)c4,1,active,CHEMBL380317
act_300793,CN(C)S(=O)(=O)c5ccc(Nc3cc(NC1CCC(N)CC1)nc4c(C2CCCC2)cnn34)cc5,1,active,CHEMBL178179
act_165978,NS(=O)(=O)c4ccc(Nc3cc(c2cccc(N1CCOCC1)c2)[nH]n3)cc4,1,active,CHEMBL103039
dec_C13574518,CCOC(=O)N/N=C(\C)/[C@@]1([C@@H](C[C@H]2[C@@]1(CC[C@@H]3[C@H]2CC=C4[C@]3(CC[C@@H](C4)OC(=O)C)C)C)OC(=O)C)OC,0,decoy,
dec_C37435915,CC(C)C[C@H](C(=O)N1CCC[C@H](C1)C(=O)[O-])NC(=O)N,0,decoy,
dec_C36499554,Cc1ccc(cc1)S(=O)(=O)CNC(=O)[C@@H](c2ccc3c(c2)OCO3)N(Cc4ccco4)C=O,0,decoy,
dec_C12340209,c1ccc(cc1)CN2CC[NH2+][C@H](C2=O)CC(=O)NN=Cc3cc(cc(c3O)Cl)Cl,0,decoy,
dec_C06190960,CC1(C(=O)N(C(=O)N1)C[C@H](Cn2c3ccccc3n(c2=O)C[C@@H](CN4C(=O)C(NC4=O)(C)C)O)O)C,0,decoy,
dec_C03521280,Cc1ccc(cc1)c2cc(c3ccccc3n2)C(=O)O[C@H](C)C(=O)NC(=O)N,0,decoy,
dec_C36142454,CC1(C[C@](c2cc(ccc2O1)[N+](=O)[O-])(C(=O)OC)N)C,0,decoy,
dec_C20701364,c1cc2c(cc1S(=O)(=O)N3CCOCC3)[C@@H]4C=CC[C@H]4[C@H](N2)c5cc(cc(c5O)Cl)Cl,0,decoy,
dec_C37295503,Cc1ccc(c(c1)C)n2c(=O)c(c(n2C)C(C)(C)C)N,0,decoy,
dec_C12820476,c1cnc2c(n1)c(=O)[nH]n(c2=O)CCC(=O)NC(=O)NC34CC5CC(C3)CC(C5)C4,0,decoy,
dec_C32672477,CC(C)(C)c1nc(on1)CCC(=O)NCCC23CC4CC(C2)CC(C4)C3,0,decoy,
dec_C38741247,C1CCC2=C3C(=NC(=NC3=O)SCC(=O)N[C@H]4[C@@H](C5=C(S4)CCC5)C(=O)N)S[C@@H]2C1,0,decoy,
dec_C16577724,C[C@]1(C[C@@H](CC(C1)(C)C)NC(=O)Nc2cccc(c2)[N+](=O)[O-])CNC(=O)Nc3cccc(c3)[N+](=O)[O-],0,decoy,
dec_C13768602,CC1(c2ccccc2N3[C@]1(NC(=O)C3)/C=C/c4ccc(cc4)SC)C,0,decoy,
dec_C08285437,C[C@H](c1ccc(cc1)F)NC(=O)CN2C(=O)[C@](NC2=O)(C)c3ccc4ccccc4c3,0,decoy,
dec_C39330575,Cc1ccc2c(c1)c(c[nH]2)CCN3[C@@H](Nc4ccccc4C3=O)C,0,decoy,
dec_C48779260,Cc1cc(oc1C(=O)NNC(=O)[C@@H]2CCCO2)Br,0,decoy,
dec_C41120721,c1ccc(c(c1)Cn2cc(c3c2cccc3)/C=C(\C#N)/C(=N/c4nc5ccccc5s4)/[O-])[N+](=O)[O-],0,decoy,
dec_C39631581,CCC(CC)C(=O)N1C[C@H](C2(C1)CC[NH2+]CC2)C(=O)N[C@H](C)CCCC(C)(C)O,0,decoy,
dec_C51580404,Cc1ccc(c(c1)Oc2ccccc2OC)/C(=N/O)/N,0,decoy,
dec_C35285002,c1ccc(cc1)N(CCC(=[NH2+])N)Cc2ccc(cc2F)Br,0,decoy,
dec_C33631500,Cc1ccccc1N2C(=O)[C@@H]3[C@@H](N(O[C@@H]3C2=O)CC(=O)N)c4cccc(c4)O,0,decoy,
dec_C16975639,C[C@H]1CC2=C([C@@H](N=C(N2)Nc3nc4ccccc4s3)c5cc(cc(c5)F)F)C(=O)C1,0,decoy,
dec_C54614732,CCN(CC)C(=O)COc1ccc(cc1OCC)[C@H]2C(=C(Nc3n2nnn3)C)C(=O)Nc4cccc(c4C)C,0,decoy,
dec_C35355763,c1c2c(cc(c1N)NC3CCCCC3)NC(=O)CC2,0,decoy,
dec_C63572004,COCCCNC(=O)N1CCC2=c3ccccc3=[NH+][C@H]2[C@@H]1c4ccc(cc4)OC,0,decoy,
dec_C01693079,c1ccc2c(c1)-c3cc(c(cc3[C@@H]2O)NC(=O)/C=C/C(=O)[O-])Br,0,decoy,
dec_C33557718,c1cc(c(cc1NC(=O)NC23CC4CC(C2)CC(C4)C3)C(=O)NC[C@@H]5CCCO5)N6CCCC6,0,decoy,
dec_C42027687,CC(C)[C@@H](CNC(=O)c1cc(ccc1O)Cl)N2CCOCC2,0,decoy,
dec_C09318924,c1ccc2c(c1)nc3n2[C@@H](NC(=N3)N)c4ccc(cc4)OCC(=O)N,0,decoy,
dec_C36952175,c1cc(c(cc1NCc2ccc(cc2O)O)C(F)(F)F)Br,0,decoy,
dec_C37443717,Cc1ccccc1CN2C(=O)c3cc4c(n3C[C@@]2(C)C(=O)N[C@@H]5CCC[C@@H]([C@@H]5C)C)cco4,0,decoy,
dec_C05271817,CSc1ccc(cc1)C(=O)NNc2nc3c(cc(cc3s2)F)F,0,decoy,
dec_C20407280,Cc1ccc(o1)/C=N/Nc2[nH]nc(n2)SCC(=O)NC(C)(C)C,0,decoy,
dec_C41600280,C[C@@H]1CCCC[C@H]1NS(=O)(=O)c2ccc3c(c2)NC[C@@H](O3)C,0,decoy,
dec_C45575459,COc1ccc(cc1F)CCC(=O)NN2C(=O)C3(CCCCC3)NC2=O,0,decoy,
dec_C40812764,Cc1c\2c(oc1C(=O)NC3CC([NH2+]C(C3)(C)C)(C)C)CCC/C2=N\NC(=O)c4ccccc4Cl,0,decoy,
dec_C00420317,Cc1cc(cc(c1)NC(=O)COc2ccc3c(cc(=O)oc3c2)C)C,0,decoy,
dec_C39379314,c1ccc2c(c1)[C@H](CN2)C(=O)N/N=C/c3ccc(s3)Cl,0,decoy,
dec_C15768746,c1ccc(cc1)N/N=C/2\CC[C@H]3[C@H](C[C@@H]2N3CCC#N)C#N,0,decoy,
dec_C50164409,CCC[C@H](CC)NC(=O)c1cc(ccc1I)[N+](=O)[O-],0,decoy,
dec_C66402587,c1c(c[nH]c(=O)c1NC(=O)NCCc2cn3c([nH+]2)CCCC3)C(F)(F)F,0,decoy,
dec_C20307895,C[C@H](C(=O)NC(=O)N)Nc1cc(cc(c1)Cl)Cl,0,decoy,
dec_C50975214,Cc1c2c([nH]c1/C(=C(/C#N)\C(=O)Nc3ccc(c(c3)Cl)OC)/[O-])CCCC2=O,0,decoy,
dec_C67373316,CC1CC[NH+](CC1)C[C@H](CNc2ccc(cc2[N+](=O)[O-])S(=O)(=O)NC)O,0,decoy,
dec_C19845586,CCCc1cc(=O)[nH]c(n1)Sc2ccc(cn2)N,0,decoy,
dec_C05419633,Cc1cccc(c1O)[C@@H](C(c2ccccc2)(c3ccccc3)O)n4c5ccccc5nn4,0,decoy,
dec_C37542521,c1cc(oc1C(=O)N(CC(=O)N)C2CC[NH2+]CC2)Br,0,decoy,
dec_C40225119,C[C@@H](c1nc2ccccc2n1CC(=O)N3CCCc4c3cccc4)O,0,decoy,
dec_C35092927,COc1ccc(cc1)C(=O)[C@@H]2[C@@H](NC(=O)N[C@@]2(C(F)(F)F)O)c3ccc(c(c3)OC)O,0,decoy,
dec_C19837540,Cn1c2c(c(n1)c3cccnc3)[nH]c(n2)c4ccc(cc4)n5cccn5,0,decoy,
dec_C58687068,CC[NH+](CC)Cc1ccccc1CNC(=O)NNC(=O)c2ccc(o2)COc3ccccc3,0,decoy,
dec_C36703225,CC[NH+](CC)[C@H](CNC(=O)CN1C(=O)[C@]2(CCc3c2cccc3)NC1=O)c4ccccc4,0,decoy,
dec_C63437144,Cc1ccc(cc1)[C@@H](C(=O)Nc2ccc3c(c2)OCCO3)NC(=O)C[C@H]4C=c5ccccc5=[NH+]4,0,decoy,
dec_C43257233,C[C@H]([C@H](c1ccc(s1)Cl)Sc2nnnn2C3CCCC3)[NH3+],0,decoy,
dec_C44020170,COC(=O)[C@@H]1[C@H]([C@@H]([C@H]([C@@H](O1)Oc2ccc3c(c2)OC[C@@H](C3)c4ccc(cc4)O)O)O)O,0,decoy,
dec_C33717842,CCCCN1C(=O)[C@H]2[C@@H]([NH2+][C@@]([C@@H]2C1=O)(CCCNC(=O)N)C(=O)[O-])c3ccc(cc3)Br,0,decoy,
dec_C40061866,CCOC(=O)[C@@H]1CCCN(C1)C(=O)c2cc3ccc(cc3[nH]2)C,0,decoy,
dec_C67148695,CC(C)CCC(=O)NCC(=O)NC1CC([NH2+]C(C1)(C)C)(C)C,0,decoy,
dec_C53199189,Cc1cc(cc(c1O[C@](C)(COC)C(=O)[O-])Cl)Br,0,decoy,
dec_C25308824,Cc1cc([nH+]c2c1c3c(s2)C(=O)N[C@@H](N3)c4ccccc4OCc5ccccn5)C,0,decoy,
dec_C06743289,Cc1cc(c(c(c1)O)c2c3c([nH]n2)C(=O)N([C@@H]3c4ccccc4F)CC=C)C,0,decoy,
dec_C67480695,C[C@@H](c1nnc2n1CCC2)NC(=O)NC[C@@H]3CCC[NH+]3CC4CCCCC4,0,decoy,
dec_C00277075,c1ccc2c(c1)ccc3c2OC(=C([C@H]3c4ccccc4Cl)C#N)N,0,decoy,
dec_C63824299,C[C@H]1CCCC[C@]12C(=O)N(C(=O)N2)CC(=O)NCCC3=c4ccccc4=[NH+]C3,0,decoy,
dec_C39982674,CC(C)[C@@H](c1ccc2c(c1)OCCCO2)NC(=O)CS[C@H]3NN=C(O3)C4=c5ccccc5=[NH+]C4,0,decoy,
dec_C64042681,CC(=O)N[C@H](CC1=c2ccccc2=[NH+]C1)C(=O)NC[C@@H]3CN(CCO3)Cc4ccccc4,0,decoy,
dec_C10249041,CC[NH+]1CCN(CC1)c2nc3c(n2CCCSc4ccc(cc4)Cl)c(=O)[nH]c(=O)n3C,0,decoy,
dec_C61881488,CC[NH+](CC)CCCNS(=O)(=O)c1cc(cc(c1Br)N)Cl,0,decoy,
dec_C37549242,Cc1ccc(cc1NC(=O)c2ccc(o2)Cl)C#CCO,0,decoy,
dec_C39684199,CCCC[C@@H](C)C(=O)N1C[C@@H](C2(C1)CC[NH2+]CC2)C(=O)NCCc3c[nH]c4c3cccc4C,0,decoy,
dec_C63646955,CC1=CN2[C@@H](S1)NC(=CC2=O)CSc3nc([nH]n3)N,0,decoy,
dec_C00717426,COC(=O)CN1c2ccccc2[C@]3(C1=O)[C@@H]4C(=NN=C4OC(=C3C#N)N)c5ccc(cc5)Cl,0,decoy,
dec_C67632223,Cc1cccc(c1)OC[C@H](C)NC(=O)NC[C@H](C[NH+]2CCC(CC2)C)O,0,decoy,
dec_C36322030,CN(c1cc(ccc1/C=C/C(=O)[O-])Br)C2CCOCC2,0,decoy,
dec_C14387756,Cc1cc(ccc1NC(=O)CNC(=O)c2cc3c(s2)CCCCC3)Br,0,decoy,
dec_C53958531,C[C@@H](C(C)C)NC(=O)N1CCN(CC1)C(=O)[C@@H]2CCCO2,0,decoy,
dec_C52730752,c1cnc(cc1CSc2c3c(nc[nH]3)ncn2)NN,0,decoy,
dec_C05174319,CC1(CC(=CC(=O)C1)Nc2ccc(cc2Br)[N+](=O)[O-])C,0,decoy,
dec_C64600509,CN1c2ccccc2[C@@H](C1=O)NC(=O)C(=O)NCCC3=c4ccccc4=[NH+]C3,0,decoy,
dec_C12531474,C[C@@]1(CC[C@]2([C@@H](C1)C(C[C@@H]2[NH2+]CC3CCCCC3)(C)C)CCC(=O)NCCN4CCOCC4)O,0,decoy,
dec_C36964077,Cc1c(n(c(c1C#N)N)c2ccc(c(c2)Cl)C#N)C,0,decoy,
dec_C13199581,Cc1ccc(cc1)[C@@H](c2cccs2)NS(=O)(=O)c3ccc(c(c3)C(=O)[O-])O,0,decoy,
dec_C46896891,CC(C)(C)[C@H](c1ccccc1)NC(=O)NNC(=O)[C@H]2CCS(=O)(=O)C2,0,decoy,
dec_C36506459,CC(C)(C)NC(=O)[C@@H](c1c(cc(cc1O)O)O)N(Cc2ccco2)C(=O)c3ccc(cc3)[N+](=O)[O-],0,decoy,
dec_C21009297,c1cc(c(cc1F)N)S(=O)(=O)Nc2cc(c(cc2Cl)Cl)Cl,0,decoy,
dec_C18270801,Cc1c(c(nc2c1C(=Cc3ccc(o3)c4ccccc4C(=O)OC)C(=C2C#N)C)N)C#N,0,decoy,
dec_C13131261,Cc1ccc(cc1)[C@@H]2C[C@H](N=C3N2N=C(N3)N)c4cccc(c4)OC,0,decoy,
dec_C66596411,Cc1c(scn1)CN(C)C(=O)N[C@H]2CCc3c2cccc3,0,decoy,
dec_C64683667,COc1ccc(cc1)[C@H]2C[C@@H](ON2)CNC(=O)N[C@@H](CC3=c4ccccc4=[NH+]C3)C(=O)[O-],0,decoy,
dec_C38966155,CC(C)Oc1cccc(c1)[C@H]2[NH+]=NC(=S)N2/N=C/c3ccc(cc3O)O,0,decoy,
dec_C39694401,Cc1c(c(on1)C)C(=O)N2C[C@H](C3(C2)CC[NH2+]CC3)C(=O)NCc4ccccc4N5CCOCC5,0,decoy,
dec_C09744778,c1cc2c(cc1[C@@H]3CCCN3C(=O)C[NH+]4CCN(CC4)c5ccc(c[nH+]5)C(F)(F)F)OCCO2,0,decoy,
dec_C03290783,Cc1ccc(cc1)[C@]2(C(=O)N(C(=O)N2)CC(=O)NC(=O)NC(C)(C)C)C,0,decoy,
dec_C39675294,C[C@@H](CCc1ccc(cc1)OC)NC(=O)[C@@H]2CN(CC23CC[NH2+]CC3)C(=O)Cc4ccc(cc4)Cl,0,decoy,
dec_C44460421,C[C@]12C[C@@H]([C@@H]3[C@@H]([C@@H]1CC[C@]2(C(=O)CO)O)CCC4=CC(=O)C=C[C@@]34C)O,0,decoy,
dec_C60376725,c1ccc2c(c1)C[C@H](CN2S(=O)(=O)c3ccc(cc3)C#N)C(=O)N,0,decoy,
dec_C63162308,c1ccc2c(c1)C[C@H](CO2)CNC(=O)Nc3cc(c[nH]c3=O)C(F)(F)F,0,decoy,
dec_C03998300,CC(C)(C)C1=NN=C2[C@@H]1[C@H](C(=C(O2)N)C#N)c3ccccc3OC,0,decoy,
dec_C16591131,CCCCN(c1c(n(c(=O)[nH]c1=O)Cc2ccccc2)N)C(=O)C[NH+]3CCC[C@H](C3)C(F)(F)F,0,decoy,
dec_C04585753,CC[NH+]1CCc2c(sc(c2C(=O)N)NC(=O)c3ccccc3S(=O)(=O)CC)C1,0,decoy,
dec_C04150861,C[C@@H]1CC2=C([C@@H](Nc3ccccc3N2)c4ccc5c(c4)OCO5)C(=O)[C@@H]1C(=O)OC,0,decoy,
dec_C02794117,CCOc1ccccc1NC(=S)NNC(=O)c2cnn3c2N[C@H](C[C@H]3C(F)(F)F)C,0,decoy,
dec_C36205746,CC[NH+](Cc1[nH]c(=O)c2c(csc2n1)c3ccccc3C)C[C@@H](C(C)C)O,0,decoy,
dec_C39678270,CC[C@@H](C)C(=O)N1C[C@H](C2(C1)CC[NH2+]CC2)C(=O)NCc3ccccc3N4CCCCC4,0,decoy,
dec_C36076609,CC[NH+](CC)[C@@H](Cc1ccccc1)CNC(=O)CN2C(=O)[C@@]3(C[C@@H](CC(C3)(C)C)C)NC2=O,0,decoy,
dec_C09329481,COc1cc(ccc1N2C(=O)[C@H]3[C@@H]([NH2+][C@@]4([C@@H]3C2=O)c5ccccc5NC4=O)CC(=O)N)[N+](=O)[O-],0,decoy,
dec_C54095520,Cc1ccc(cc1)OCCN(C)C(=O)NNC(=O)c2cc(c[nH]2)Br,0,decoy,
dec_C15482140,c1ccc(cc1)[C@@H](C(=O)NC(=O)N)N2CCN(CC2)S(=O)(=O)c3ccc4c(c3)CCC4,0,decoy,
dec_C67620280,CC1CC[NH+](CC1)C[C@H](CNC(=O)N[C@H](C)c2cccc(c2)OC(C)C)O,0,decoy,
dec_C44784294,C[C@@H]1CCC[C@H]([C@@H]1C)NC(=O)C2(CCCCC2)/C(=N/O)/N,0,decoy,
dec_C12645374,CCOc1cc(ccc1O)[C@H]2NC(=O)c3ccccc3N2CC(=O)N,0,decoy,
dec_C23969551,C[C@@H](c1[nH]c(=O)c2ccccc2n1)OC(=O)c3nc(n(n3)c4ccccc4)c5ccccc5,0,decoy,
dec_C67104511,CC(C)CCC(=O)NNC(=O)NCc1ccc(cc1)C[NH+]2CCCCC2,0,decoy,
dec_C37027214,CC[C@@H]1CCCC[C@@H]1NC(=O)c2ccc3c(c2)CCCN3,0,decoy,
dec_C66675525,Cc1cc(ccc1O[C@@H](C)CC(C)C)NC(=O)[C@H]2CCCN(C2)C(=O)N,0,decoy,
dec_C62497434,Cc1ccc(cc1)C[C@@H]2C(=O)N(c3cc(ccc3O2)N)CC(=C)C,0,decoy,
dec_C59564752,CC[C@@]1(NN(C(=[NH+]1)SCC(=O)Nc2c(c3c(s2)CCCC3)C)c4ccccc4)C,0,decoy,
dec_C17067434,Cc1cc(ccc1[N+](=O)[O-])C(=O)N/N=C(\C)/c2cc(cc(c2)O)O,0,decoy,
dec_C50389332,C[C@@H](C/C(=N/O)/N)NC(=O)c1cc2c(s1)CCCC2,0,decoy,
dec_C63526184,COc1ccccc1N2C(=O)/C(=C\3/C[C@@H](Sc4ccccc4N3)c5ccccc5)/C(=O)NC2=O,0,decoy,
dec_C00312493,c1ccc(c(c1)/C=C/2\C(=O)N(C(=O)N2)Cc3ccc(cc3)F)F,0,decoy,
dec_C12567754,Cc1cc(c(c(c1C)S(=O)(=O)N2CCN(CC2)Cc3nc(c4c(c(sc4n3)C)C)N)C)C,0,decoy,
dec_C07375573,Cc1c(c(c(c(c1C)C)S(=O)(=O)N2CCC(CC2)C(=O)N)C)C,0,decoy,
dec_C65181977,CN(CCC1=NO[C@@H](N1)[C@H]2C=c3ccc(cc3=[NH+]2)OC)C(=O)c4ccccc4Cl,0,decoy,
dec_C16857002,CC(C)CSc1nc(c(c(n1)O)c2c(nc(nc2O)SCC(C)C)O)O,0,decoy,
dec_C63862670,Cc1cc(sc1C(=O)NC[C@@H](c2ccsc2)[NH+](C)C)S(=O)(=O)N,0,decoy,
dec_C41877033,CC[C@@H]1CN(CCO1)[C@@](C)(c2ccccc2Br)C(=O)[O-],0,decoy,
dec_C42190770,c1ccc2c(c1)C[C@@H]([C@H]2NC(=O)c3c[nH]c(=O)cn3)O,0,decoy,
dec_C31818585,c1cc(ccc1c2nnc(o2)CSc3nc(cc(n3)N)N)[N+](=O)[O-],0,decoy,
dec_C32778729,C[C@@H](c1[nH]c(=O)c2c(csc2n1)c3ccccc3)SCCC(=O)NC(=O)NC,0,decoy,
dec_C52345033,C[C@@H](C1CCCCC1)NC(=O)c2cc(ccc2[N+](=O)[O-])N,0,decoy,
dec_C67099480,c1ccc(c(c1)c2nc(no2)COc3cccc(c3)c4c[nH]nc4)Cl,0,decoy,
dec_C14990825,CC(C)CCNC(=O)c1cn(cc(c1=O)C(=O)NC[C@H]2CCC[NH+](C2)C)CC(C)C,0,decoy,
dec_C63350638,c1ccc2=[NH+][C@@H]3[C@H](NCCC3=c2c1)c4c([nH]c(=S)n(c4=O)c5ccc(cc5)F)[O-],0,decoy,
dec_C17029415,c1cc(oc1)Cn2c3c(c(=O)[nH]c2=S)CN(CN3)C4CCCCC4,0,decoy,
dec_C39695139,Cc1c(cccc1Cl)CNC(=O)[C@H]2CN(CC23CC[NH2+]CC3)C(=O)[C@H](C(C)C)Oc4ccccc4,0,decoy,
dec_C50252059,Cn1cc(cn1)S(=O)(=O)NC2(CCCCCCC2)C[NH3+],0,decoy,
dec_C20805782,c1ccc2c(c1)cccc2/C=N/Nc3nnc(n3N)SCC(=O)Nc4c(c5c(s4)CCCC5)C#N,0,decoy,
dec_C11872167,c1ccc(cc1)S(=O)(=O)NCc2nnc3n2CC[NH+](CC3)Cc4c(ccc(c4F)F)F,0,decoy,
dec_C64346553,c1cc(cc(c1)NC(=O)CNC(=O)c2ccoc2)c3ccc(=O)[nH]n3,0,decoy,
dec_C08190753,Cc1cc(ccc1O[C@@H](C)C(=O)Nc2ccc(cc2)c3nc4ccccc4o3)Cl,0,decoy,
dec_C49068278,c1cc(cc(c1)O)c2c(nn3c2nccc3c4ccc(cc4F)N5C[C@@H]6C[C@H]5C[NH2+]6)c7ccncc7,0,decoy,
dec_C09197661,CCc1nnc2n1N[C@@H]([C@@H](S2)C(=O)Nc3cc(cc(c3)C)C)c4ccc(cc4)OCC,0,decoy,
dec_C34898335,Cc1c(c(=O)c2ccc(cc2o1)O[C@@H]3[C@@H]([C@@H]([C@@H](CO3)O)O)O)c4ccccn4,0,decoy,
dec_C36331142,c1c2c(cc(c1N)NC3CCS(=O)(=O)CC3)NC(=O)C2,0,decoy,
dec_C28053345,COc1ccccc1[C@H]2C3=C(c4ccccc4O2)Nc5nnnn5[C@@H]3c6ccccc6,0,decoy,
dec_C23442830,Cc1cccc(c1NC(=O)CSc2[nH]c(=O)cc(n2)N)[N+](=O)[O-],0,decoy,
dec_C21258700,CCc1ccc(cc1)[C@H]2CC3=C([C@@H](CC(=O)N3)c4ccc5c(c4)OCO5)C(=O)C2,0,decoy,
dec_C14307795,Cc1ccc(c(c1)NC(=S)NNC(=O)C[C@H](c2cccs2)NC(=O)C)C,0,decoy,
dec_C12305896,C[NH+](Cc1cc(no1)c2ccccc2)Cc3c[nH]nc3c4cc5ccccc5o4,0,decoy,
dec_C13722760,Cc1c(c(n(n1)C)C)C(=O)C2=C(C(=O)N([C@H]2c3cc(ccc3OC)OC)CCC[NH+](C)C)[O-],0,decoy,
dec_C19959455,Cc1ccc(c(c1)C)c2csc3c2c(ncn3)Nc4ccc(cc4OC)OC,0,decoy,
dec_C61673047,CC(C)c1ccc(cc1)c2c(noc2N)C3CCOCC3,0,decoy,
dec_C56161060,CCC(=O)Nc1ccc(cc1C)N[C@H](C)C(=O)NC(=O)NCC(F)(F)F,0,decoy,
dec_C05040695,C[C@H]1CCCC[C@@]12C(=O)N(C(=O)N2)CC(=O)OCC(=O)Nc3cc(ccc3F)F,0,decoy,
dec_C04519362,CCC(=O)NC[C@H](c1ccco1)S(=O)(=O)c2cccs2,0,decoy,
dec_C40512694,Cc1cc2c(c(=O)[nH]1)[C@]3(c4ccccc4N(C3=O)CC(=O)OC)C(=C(O2)N)C(=O)OC,0,decoy,
dec_C40577415,Cc1c(cc(o1)CNC(=O)N[C@@H](C)c2ccco2)C(=O)[O-],0,decoy,
dec_C05034544,CCOc1cc(ccc1O)/C=N/NC(=O)c2cc(n[nH]2)C34CC5CC(C3)CC(C5)C4,0,decoy,
dec_C08384635,CCOc1cc(cc(c1O)/C=N/NC(=O)/C(=C/c2ccccc2)/NC(=O)c3ccccc3)Br,0,decoy,
dec_C67119865,c1cc(ccc1CCNc2ncc(cn2)Br)[N+](=O)[O-],0,decoy,
dec_C67299267,c1cc(oc1)CNC(=O)c\2cc3ccc(cc3o/c2=[NH+]\c4cc(ccc4Cl)F)O,0,decoy,
dec_C20889161,C[C@@H](C12CC3CC(C1)CC(C3)C2)NC(=O)COC(=O)c4ccc(cc4)NC(=O)N,0,decoy,
dec_C43406371,c1c2c(nc(c1C#N)N3CCC[C@@H]3C(=O)N)CCC2,0,decoy,
dec_C14253253,C[C@]1(C(=O)N(C(=O)N1)CC(=O)N2C[C@H](Oc3c2cccc3)C(=O)N)c4ccc5ccccc5c4,0,decoy,
dec_C63182702,COc1ccc(cc1)c2cc(c(s2)C(=O)NNC(=O)CCCC3=c4ccccc4=[NH+]C3)N,0,decoy,
dec_C58421698,Cc1cc(c(c(c1)Br)O)C(=O)NCc2c(c(c(cn2)C)OC)C,0,decoy,
dec_C23982316,COc1ccccc1[C@@H](CNC(=O)CN2C(=O)[C@H]3CC=CC[C@@H]3C2=O)[NH+]4CCCC4,0,decoy,
dec_C20852270,Cc1ccc(c(c1)NC(=O)[C@@H]2[C@H](CC(=O)N2)c3ccccc3)C,0,decoy,
dec_C09336983,Cc1ccc(s1)C(=O)NCC(=O)NCC2(CCCCC2)[NH+]3CCCCC3,0,decoy,
dec_C20027252,CC(C)Oc1c(cc(cc1Cl)[C@H]2[C@H]3CN(CC=C3C(=C(C2(C#N)C#N)N)C#N)C)OC,0,decoy,
dec_C08644812,C[C@H](C(=O)N1CCc2c1cccc2)Sc3nnc(n3N)c4ccc(cc4Cl)Cl,0,decoy,
dec_C49166236,CC(C)C(=O)NCCNC(=O)NC[C@H](C[NH+]1CCc2ccccc2C1)O,0,decoy,
dec_C13066542,Cc1c(cccc1Cl)NC(=S)N/N=C(\C)/c2ccc(cc2)S(=O)(=O)N(C)CCCC(=O)[O-],0,decoy,
dec_C66255621,c1ccc(c(c1)/C=[NH+]/C2CCN(CC2)c3ccc(cn3)C#N)O,0,decoy,
dec_C16400198,c1cc(ccc1/C=C/C(=O)NC(=S)Nc2ccc(cc2C(=O)[O-])Cl)Cl,0,decoy,
dec_C62937469,CC[C@@]1(CC[NH+](C1)Cc2cc(ccc2[N+](=O)[O-])F)C(=O)[O-],0,decoy,
dec_C01291490,c1ccc2c(c1)CCCN2C(=O)CSc3nnc(n3N)c4cccnc4,0,decoy,
dec_C50829430,CCCNc1c(nns1)Cn2cnc3ccsc3c2=O,0,decoy,
dec_C32109259,Cc1ccc(c(c1)Br)O[C@H](C)C(=O)N/N=C\c2ccc(cc2)OC,0,decoy,
dec_C67551137,Cc1cc(ccc1N2CCSCC2)NC(=O)N(C)[C@@H](C)c3cccc(c3)O,0,decoy,
dec_C61938114,C1CCC(C1)(/C(=N\O)/N)C(=O)N2CCCOCC2,0,decoy,
dec_C05353197,CC(C)(C)[C@H]1CCc2c(c(n[nH]2)C(=O)N/[NH+]=C/c3cccc(c3[O-])CC=C)C1,0,decoy,
dec_C44713797,CCC(=O)N1C[C@@H](C2(C1)CC[NH2+]CC2)C(=O)N[C@H](C)c3c([nH]nc3C)C,0,decoy,
dec_C57084881,C[C@@H]1CN(C[C@H](O1)C)Cc2c([nH+]nn2c3ccccc3)[O-],0,decoy,
dec_C06530416,CCC1=NN=C2[C@@H]1[C@]3(CCO[C@@H]3C)C(=C(O2)N)C#N,0,decoy,
dec_C12329420,Cc1ccc(cc1)[C@@H](C[NH+]2CCC3(CC2)C[C@H](c4ccccc4O3)O)O,0,decoy,
dec_C32116356,Cc1ccc(cc1)OCC(=O)NC(=S)Nc2ccc3c(c2)N/C(=C/4\C=CC(=O)C(=C4)Br)/O3,0,decoy,
dec_C38025650,COC(=O)C[C@H]1CCCCN1C(=O)c2cc(c([nH]2)Cl)Cl,0,decoy,
dec_C39667515,Cc1cccc(c1C)CNC(=O)[C@H]2CN(CC23CC[NH2+]CC3)C(=O)c4ccc(c(c4)C(F)(F)F)F,0,decoy,
dec_C32935577,Cc1ccc(c(c1)C)NS(=O)(=O)c2ccc(c(c2)[N+](=O)[O-])NCCCNc3cccc[nH+]3,0,decoy,
dec_C36586595,CC(C)(C)NC(=O)[C@@H](c1cccc(c1)O)N(C(=O)c2c(cccc2O)O)C(C)(C)C,0,decoy,
dec_C39674531,C[C@H]1C(=C(N=N1)C)[C@H](C)NC(=O)[C@@H]2CN(CC23CC[NH2+]CC3)C(=O)[C@@H](C(C)C)Oc4ccccc4,0,decoy,
dec_C29699489,CC(=O)N[C@@H](CC(=O)Nc1cc(ccc1O)S(=O)(=O)Nc2cccc(c2)Cl)c3cccs3,0,decoy,
dec_C34779793,Cc1ccc(c(c1)Cn2c(=O)c3c(c(sc3n(c2=O)CC(=O)NCc4ccccc4)C(=O)NN)C)C,0,decoy,
dec_C09953915,CC(C)NC(=O)CNc1ccc2nnc(n2n1)C(F)(F)F,0,decoy,
dec_C27308178,CC(C)CNC(=O)CN(Cc1ccccc1)c2c(n(c(=O)[nH]c2=O)Cc3ccccc3)N,0,decoy,
dec_C04235664,CC(C)c1ccc(cc1)NC(=O)O[C@@H]2CO[C@H]3[C@@H]2OC[C@@H]3NC(=O)c4ccco4,0,decoy,
dec_C32791557,C[C@@H](c1ccc(c(c1)Cl)Cl)[NH2+][C@H](C)C(=O)c2c(n(c(=O)n(c2=O)C)C)N,0,decoy,
dec_C58000609,c1cscc1CNc2c(cc3c(n2)CCC3)C#N,0,decoy,
dec_C40400491,Cc1ccc(cc1)Nc2[nH]c(=O)c3c(n2)NC(=O)C[C@@H]3C(=O)Nc4ccc(c(c4)[N+](=O)[O-])C,0,decoy,
dec_C22536072,Cc1ccc(cc1)[C@H]2CC3=C([C@@H](n4c(nc(n4)C(F)(F)F)N3)c5ccccc5OC)C(=O)C2,0,decoy,
dec_C36609067,CC(C)(C)CC(C)(C)NC(=O)[C@H](c1c(cc(cc1O)O)O)N(C=O)c2ccccc2,0,decoy,
dec_C20804160,C[C@H]1[C@@H]([C@H](n2c(ncn2)N1)c3ccc(cc3)O)C(=O)Nc4ccccc4OC,0,decoy,
dec_C42958955,c1cc(ccc1[C@H](C[NH3+])Sc2nnc3n2CCCCC3)Br,0,decoy,
dec_C22001321,C[C@H]1C[C@]2(CC(C1)(C)C)C(=O)N(C(=O)N2)CC(=O)OCC(=O)Nc3c(ccs3)C(=O)N,0,decoy,
dec_C04848572,Cc1nc(c2c3c(sc2n1)CCCC3)NCCNC(=O)C45CC6CC(C4)CC(C6)C5,0,decoy,
dec_C59368084,CCc1c(c([nH]c1C(=O)N(C)CC(=O)N2c3ccccc3NC(=O)C[C@@H]2C)C)C(=O)C,0,decoy,
dec_C38573461,Cc1ccc(cc1F)C(=O)[C@@H]2[C@H](c3ccccc3O2)NC(=O)[C@@H]4C=C(N=N4)c5ccccc5O,0,decoy,
dec_C67581267,C[C@@H](c1cccc(c1)O)N(C)C(=O)NCCC(C)C,0,decoy,
dec_C43618836,C[C@@H](C(=O)N[C@H](CO)C(C)C)NC(=O)[C@H]1C(S[C@H]2N1C(=O)c3c2cccc3)(C)C,0,decoy,
dec_C65204903,Cc1ccc(c(c1)O[C@@H](C)C(=O)NNC(=O)NCCCOC)C(C)C,0,decoy,
dec_C39693574,Cc1ccsc1C(=O)N2C[C@@H](C3(C2)CC[NH2+]CC3)C(=O)NCCNC(=O)OC(C)(C)C,0,decoy,
dec_C03640779,CCSc1nc2c(nn1)-c3cc(ccc3N[C@@H](O2)c4ccc(cc4)O)Br,0,decoy,
dec_C04222501,C[C@@]12CC[C@H]([C@@]([C@H]1Cc3c(nc(s3)NC(=O)c4cccs4)[C@H]2CC(=O)NCC#C)(C)CO)O,0,decoy,
dec_C16451053,c1ccc(cc1)/N=C/2\N(C(=O)/C(=C\c3cn(c4c3cccc4)CC(=O)[O-])/S2)c5ccccc5,0,decoy,
dec_C66784886,c1ccc(c(c1)CC(=O)NNC(=O)/C=C/c2ccc(c(c2)[N+](=O)[O-])Cl)F,0,decoy,
dec_C65248875,CNC(=O)N1CC[C@]2(C1)c3ccccc3NC2=O,0,decoy,
dec_C02512313,c1cc(c(cc1C(=O)c2ccc(cc2O)O)O)O,0,decoy,
dec_C35358467,c1ccc(c(c1)CNS(=O)(=O)c2cccnc2NN)F,0,decoy,
dec_C38776689,CSCC[C@@H](C(=O)N1CCC2(CC1)[C@H]3C(=NC=N3)CC[NH2+]2)NC(=O)c4ccc(cc4)F,0,decoy,
dec_C21235388,CC(=O)[NH+]=c1ccc-2c(cc(oc2c1)O)COc3ccc(cc3Br)Br,0,decoy,
dec_C06870459,CCOc1ccc(cc1)N[C@H]2C(=O)N(C(=O)S2)c3ccccc3C,0,decoy,
dec_C04632427,COc1ccc(cc1)C(=O)C2=C(C(=O)N([C@@H]2c3ccccc3)CCC[NH3+])O,0,decoy,
dec_C04318568,CNC(=O)c1c2c(sc1NC(=O)C[C@H]3C(=O)NC(=O)S3)CCCC2,0,decoy,
dec_C38752897,Cc1ccc(cc1)C(=O)CS[C@H]2NN[C@H](N2N)[C@@H]3C=C(N=N3)C,0,decoy,
dec_C58023059,Cc1cc(sc1C(=O)Nc2cccc(c2)S(=O)(=O)/N=C\3/CCCN3)S(=O)(=O)N,0,decoy,
dec_C35079618,CCOC(=O)C1=C(NC(=C([C@@H]1c2ccc(cc2)[N+](=O)[O-])C#N)N)C,0,decoy,
dec_C39662312,c1ccc(cc1)[C@@H](C#N)NC(=O)[C@H]2CN(CC23CC[NH2+]CC3)C(=O)c4ccc(cc4)OC(F)(F)F,0,decoy,
dec_C63856489,c1cc(cnc1)[C@H]2CN([NH2+]N2)CC3CCN(CC3)C(=O)C4=CC5=CC=N[C@@H]5C=C4,0,decoy,
dec_C38738446,CN(c1cnc2ccccc2n1)N3C[C@@H](CC3=O)C(=O)NC4Cc5ccccc5C4,0,decoy,
dec_C17878767,c1ccc(c(c1)CN2c3ccccc3[C@@](C2=O)([C@@H]4C(=O)N=C(S4)N)O)Br,0,decoy,
dec_C36504949,COc1cc(ccc1O)[C@@H](C(=O)NC2CCCCC2)N(Cc3ccco3)C(=O)c4cccc(c4)[N+](=O)[O-],0,decoy,
dec_C63541318,Cc1cc(c(c(c1)C)NC(=O)CS[C@@H]2Nc3c(nccn3)C(=O)N2CCC4=c5ccccc5=[NH+]C4)C,0,decoy,
dec_C12453849,CCOc1ccc(cc1)[C@H]2c3c(c4ccccc4[nH]3)CC[NH+]2Cc5ccc(o5)CO,0,decoy,
dec_C36483616,CC(C)(C)CC(C)(C)NC(=O)[C@@H](c1c(cc(cc1O)O)O)N(c2cccc(c2)Cl)C(=O)c3ccco3,0,decoy,
dec_C19198565,c1cc(ccc1NC(=O)Cn2cc(cc(c2=O)C#N)[N+](=O)[O-])I,0,decoy,
dec_C20153151,COc1ccc(cc1NC(=S)NC(=O)c2ccc(c(c2)[N+](=O)[O-])N3CCOCC3)c4ccc(o4)CO,0,decoy,
dec_C09500548,C[C@]1(C(=O)N(C(=O)N1)C[NH+]2CCN(CC2)c3cccc[nH+]3)c4ccc5c(c4)OCO5,0,decoy,
dec_C12360115,c1ccc2c(c1)c(nc(n2)SCC(=O)N3CC[NH+](CC3)C45CC6CC(C4)CC(C6)C5)[O-],0,decoy,
dec_C62462984,CC[C@@H](C(=O)Nc1ccc(cc1Cl)N)[NH+]2C[C@@H](C[C@@H](C2)C)C,0,decoy,
dec_C03426141,Cc1c(c([nH]c1C(=O)COC(=O)[C@@H]2CC(=O)N(C2)c3ccccc3OC)C)C(=O)OC,0,decoy,
dec_C38556175,c1ccc(cc1)C2=C[C@@H](N=N2)[C@@H]3NN[C@@H](N3N)SCC(=O)c4ccc(cc4)F,0,decoy,
dec_C09222414,CC1CCC2(CC1)C(=O)N(C(=O)N2)NC(=O)COC(=O)/C=C/c3c(c4ccccc4s3)Cl,0,decoy,
dec_C39467885,CO[P@]1(=O)NN2C[C@@H]3C=C(C(=C[C@@H]3C[C@@H]2CO1)O)Cl,0,decoy,
dec_C67561571,CCC[C@@H]1CCCN(CC1)C(=O)C(=O)Nc2ccc(c(c2)C(=O)N)C,0,decoy,
dec_C32594714,c1ccc(c(c1)[C@H]2c3c([nH]c(=O)s3)S[C@H]4[C@@H]2[C@@H]5CC[C@H]4C5)OCC(=O)[O-],0,decoy,
dec_C21661773,c1ccc(cc1)c2cc(c(=O)n(n2)Cc3nc(nc(n3)N)N)C(F)(F)F,0,decoy,
dec_C00876875,CCOc1ccccc1/[NH+]=c\2/c(cc3ccc(cc3o2)O)C(=O)NC[C@@H]4CCCO4,0,decoy,
dec_C34785694,CCOC(=O)c1c2c(sc1NC(=O)N3CCN(CC3)CC(=O)N4CCCCC4)CCC2,0,decoy,
dec_C63641868,c1ccc2c(c1)cccc2N3[C@H](N[C@@H]([C@@H](C3=O)[C@@H]4[C@@H]5C(=c6ccccc6=[NH+]5)CCN4)O)S,0,decoy,
dec_C39916003,c1ccc2cc(ccc2c1)OCCn3c4ccccc4nc3S[C@H]5[C@H]([C@@H]([C@@H]([C@@H](O5)CO)O)O)O,0,decoy,
dec_C06669830,CC1(Cc2c(sc(c2C#N)NC(=O)N(CCO)CCO)CO1)C,0,decoy,
dec_C60361512,Cc1c(c(n2c(n1)nc(n2)N)C)CC(=O)N[C@H](CC3CCCCC3)c4ccccc4,0,decoy,
dec_C09083594,C[C@@H]([C@H](C(=O)O[C@@H](C)C(=O)NC(=O)NC)NS(=O)(=O)c1ccc(c(c1)Cl)Cl)O,0,decoy,
dec_C62494438,Cc1ccc(cc1N)c2nnnn2c3ccc(cc3)C(C)C,0,decoy,
dec_C66175782,Cc1ccc(c(c1)[C@@H](C)NC(=O)N(C)C2CC[NH+](CC2)C3CCOCC3)OC,0,decoy,
dec_C63767198,c1ccc(cc1)C2=NC(=NC(=O)C2)SCC(=O)N[C@@H]3[C@H](C4=C(S3)CCCC4)C(=O)N,0,decoy,
dec_C59309563,Cc1cc(ccc1Br)C(=O)CSc2nc([nH]n2)N/N=C(\C)/c3ccc(cc3)N,0,decoy,
dec_C59310289,c1cc2ccc3ccc(c4c3c2c(c1)cc4)/C=N/Nc5[nH]nc(n5)SCC(=O)Nc6c(cccc6F)F,0,decoy,
dec_C67177773,C[C@@H]1CO[C@@H](CN1C(=O)c2ccc3c(c2)nc(=S)[nH]c3[O-])c4ccccc4,0,decoy,
dec_C00424257,Cc1c2c(cc(/c(=N/c3ccc(cc3)Cl)/o2)C(=O)N)c(cn1)CO,0,decoy,
dec_C09156656,COc1cc(ccc1O)[C@@H]2NC(=Nc3n2c4cc5c(cc4n3)OCCCO5)N,0,decoy,
dec_C16400168,CCOC(=O)c1c(csc1NC(=O)CN2C(=O)[C@@](NC2=O)(C)c3ccco3)c4ccccc4,0,decoy,
dec_C50871213,Cc1ccc(o1)c2ccc(c(n2)N)C#N,0,decoy,
dec_C12430268,Cc1ccccc1c2c(cn(n2)c3ccc(cc3F)F)C[NH+](C)Cc4[nH]c(=O)[nH]n4,0,decoy,
dec_C61681325,Cc1ccc(cc1C)c2c(noc2N)c3ccc(s3)Cl,0,decoy,
dec_C40675330,CC(C)(C(=O)N)Nc1cc2c(cc1[N+](=O)[O-])OCC(=O)N2,0,decoy,
dec_C49977356,CCCn1cc(cc1C(=O)N(C)c2ccc(cc2C)C)N,0,decoy,
dec_C09970331,C[C@@]1([C@]([C@@]([C@@]([C@](O1)(C)Oc2ccc3c(c2)oc-4cc(=O)ccc4n3)(C)O)(C)O)(C)O)CO,0,decoy,
dec_C23125436,c1ccc(cc1)c2c(c[nH]n2)c3nc(no3)c4cccc(c4)Cl,0,decoy,
dec_C02712039,CCOC(=O)C1CC[NH+](CC1)[C@H](c2cccc(c2)F)c3c(n4c(s3)ncn4)O,0,decoy,
dec_C50845382,c1cc(ccc1NC(=O)NCCC(=O)N2CCO[C@H](C2)C(=O)N)Br,0,decoy,
dec_C01125891,CN1c2ccccc2[C@]3(C1=O)c4c(c(=O)cc(o4)CO)OC(=C3C#N)N,0,decoy,
dec_C35007512,CCCC(=O)N(C1CCCCC1)[C@@H](C)c2[nH]c(=O)c3ccccc3n2,0,decoy,
dec_C36759188,Cc1c(n(c([nH+]1)SCC(=O)NC(=O)N[C@@H]2CCS(=O)(=O)C2)C[C@H]3CCCO3)C,0,decoy,
dec_C63896912,c1ccc2=[NH+][C@H]3[C@@H](NCCC3=c2c1)[C@@H]4[C@@H](N[C@@H](N(C4=O)Cc5ccc(cc5)F)S)O,0,decoy,
dec_C39684224,Cc1cccc2c1[nH]cc2CCNC(=O)[C@H]3CN(CC34CC[NH2+]CC4)C(=O)c5ccc(o5)c6ccc(cc6)F,0,decoy,
dec_C40261805,Cc1ccc(cc1OC)[C@@H](c2ccc3c(c2)C[C@@H](O3)C)O,0,decoy,
dec_C11990993,Cc1c(nc(=O)[nH]n1)N[C@@H]2CCCC[C@H]2C,0,decoy,
dec_C48840143,c1cc(c(cc1[N+](=O)[O-])C(=O)[O-])N[C@H]2CCCC[C@@H]2[NH3+],0,decoy,
dec_C19812047,Cc1c(c(n[nH]1)O)[C@@H](c2cn(c3c2cccc3)Cc4ccccc4)c5c(n[nH]c5O)C,0,decoy,
dec_C14165151,C[C@@H]1CC2=C([C@@H](n3c(nc(n3)SCC(=O)OC)N2)c4ccc(cc4)SC)C(=O)C1,0,decoy,
dec_C62017678,C[C@H](c1ccc(cc1)Cl)N(C)C(=O)c2ccc(cc2O)Br,0,decoy,
dec_C12497487,C[C@]1([C@@H]2[C@@H]([C@H]([NH2+]1)c3cccs3)C(=O)N(C2=O)c4ccccc4F)C(=O)OC,0,decoy,
dec_C33029044,c1cc(cc(c1)Cl)S(=O)(=O)N2CCN(CC2)C(=O)CCCNC(=O)N,0,decoy,
dec_C63493866,Cc1cc(nc(n1)N/C(=N/C(=O)CS[C@H]2NN[C@H](S2)C)/[N-]CCC3=c4cc(ccc4=[NH+]C3)OC)C,0,decoy,
dec_C62627259,CC(C)CN(C)C(=O)C(=O)Nc1ccc(c2c1cccn2)OC(F)F,0,decoy,
dec_C00187765,COc1ccc(cc1O)[C@H]2c3c(c4ccccc4[nH]3)C[C@H]([NH2+]2)C(=O)[O-],0,decoy,
dec_C12669941,C[C@@H](C(C)C)[NH2+][C@H](C)C(=O)NCC(=O)Nc1ccc(c(c1F)F)F,0,decoy,
dec_C22590291,c1cc(cc(c1)Cl)Oc2cc(cc(c2)Oc3ccc(cc3)C(=O)NC(CO)(CO)CO)[N+](=O)[O-],0,decoy,
dec_C46394626,C[C@H]1CCC[NH+](C1)CCCNC(=O)NNC(=O)CCSc2ccc(cc2)F,0,decoy,
dec_C48803832,Cc1ccccc1[C@@H](C)NC(=O)C(=O)Nc2ccc(cc2)NC(=O)c3ccco3,0,decoy,
dec_C24968168,Cc1c(sc2c1c(=O)n(c(n2)S[C@@H](C)C(=O)c3c(c(c([nH]3)C)C(=O)OC)C)C)C,0,decoy,
dec_C23557501,Cc1ccc(s1)C(=O)NCC(=O)NN2C(=O)C3(CCC(CC3)C)NC2=O,0,decoy,
dec_C24746067,Cc1c(c([nH]c1C(=O)OCC(=O)N(CC(C)C)c2c(n(c(=O)[nH]c2=O)Cc3ccccc3)N)C)C(=O)OC,0,decoy,
dec_C39667197,Cc1ccc(c(c1)C)CCNC(=O)[C@H]2CN(CC23CC[NH2+]CC3)C(=O)c4cc(n(n4)C)C,0,decoy,
dec_C12229165,Cc1ccc(cc1C)n2c3c(cn2)c(nn(c3=O)CC(=O)NC(C)(C)C)C(C)C,0,decoy,
dec_C07947216,Cc1c(cccc1Cl)NC(=O)C[C@H]2c3ccccc3C=CN2C(=O)C,0,decoy,
