feature,importance,signed
ILE10:Hydrophobic,324.2275221850723,
LEU83:HBAcceptor,257.8050770200789,
ASP86:Hydrophobic,241.3419494368136,
PHE80:Hydrophobic,223.0574625506997,
GLN131:Hydrophobic,220.9578595906496,
VAL18:Hydrophobic,194.9959479677491,
LEU134:Hydrophobic,188.18908078898676,
ASN132:Hydrophobic,173.41798273893073,
GLU12:HBDonor,166.5706687849015,
ASP145:HBDonor,124.31062936224043,
GLN131:HBDonor,115.09767977148294,
LYS129:HBAcceptor,110.1169507028535,
VAL164:Hydrophobic,102.42461359500885,
GLU12:HBAcceptor,98.6650414634496,
LYS89:Hydrophobic,77.24530955776572,
LYS89:HBAcceptor,75.02602131478488,
GLN131:HBAcceptor,70.71947730705142,
ASP86:HBDonor,60.91510981187457,
GLU12:Hydrophobic,53.19634382426739,
LYS129:Hydrophobic,46.627292732708156,
GLU162:Hydrophobic,42.52896978566423,
LEU83:HBDonor,39.645815366879106,
LYS33:Hydrophobic,39.590322307311,
VAL64:Hydrophobic,26.38909497950226,
ASN132:HBAcceptor,14.766840051859617,
GLN85:Hydrophobic,2.3220684248954058,
LEU83:Hydrophobic,1.0863449573516846,
HIS84:HBDonor,0.0,
ILE10:HBDonor,0.0,
GLU162:HBAcceptor,0.0,
GLU8:HBDonor,0.0,
LYS129:HBDonor,0.0,
LYS88:Hydrophobic,0.0,
PHE82:Hydrophobic,0.0,
TYR15:HBAcceptor,0.0,
TYR15:Hydrophobic,0.0,
